{
  "suggested_kernel": {
    "v": [
      0.07500000298023224,
      0.0
    ],
    "a": [
      0.10499999672174454,
      0.0
    ],
    "d": [
      0.04500000178813934,
      0.0
    ],
    "n": [
      0.09000000357627869,
      0.0
    ],
    "c": [
      -0.11999999731779099,
      0.0
    ],
    "e": [
      -0.07500000298023224,
      0.0
    ],
    "s": [
      0.05999999865889549,
      0.0
    ]
  },
  "suggested_culture_resonance": 0.05,
  "samples": 2
}