{
  "n": 30,
  "on": {
    "success": 0.5666666666666667,
    "misfire": 0.23333333333333334,
    "p95": 1.8100950922169154,
    "explain_gain": 0.44594414584766695
  },
  "off": {
    "success": 0.7,
    "misfire": 0.0,
    "p95": 1.923988316495884,
    "explain_gain": 0.39435763394657164
  }
}