{
  "lag": 1,
  "horizon": 7,
  "irf": {
    "entropy": {
      "entropy": [
        1.0,
        0.9495832030379271,
        0.901450733578687,
        0.8557672435107463,
        0.8122723924023421,
        0.7709327141894589,
        0.731606265020395,
        0.69421454164854
      ],
      "enthalpy_mean": [
        0.0,
        0.019720799376621224,
        0.040575907228361144,
        0.058936242691484626,
        0.07676430264678905,
        0.09314473230331596,
        0.1086363020888955,
        0.12303600600541859
      ],
      "rest_flag": [
        0.0,
        9622.308058209606,
        4202.98347775696,
        6535.426856225208,
        4906.86321623186,
        5334.460223794494,
        4725.4762905664265,
        4668.052730786079
      ]
    },
    "enthalpy_mean": {
      "entropy": [
        0.0,
        -0.0038403554623283216,
        -0.007455258306941299,
        -0.010841039144107821,
        -0.014017232667996505,
        -0.016990584875730925,
        -0.01977358884265428,
        -0.02237500071754315
      ],
      "enthalpy_mean": [
        1.0,
        0.9891513765586357,
        0.9784713567181387,
        0.9677604641790716,
        0.9571279481826929,
        0.9465239803086382,
        0.9359800433995084,
        0.9254854375915726
      ],
      "rest_flag": [
        0.0,
        520.2217199111899,
        210.30713369818923,
        329.2181782819986,
        229.9642425357459,
        244.87265830139896,
        203.08498959590133,
        192.2936278910899
      ]
    },
    "rest_flag": {
      "entropy": [
        0.0,
        -1.8892664044312113e-08,
        -9.167011478611418e-09,
        -1.413525598144778e-08,
        -1.1543477230635386e-08,
        -1.2826769833355829e-08,
        -1.2110179066660874e-08,
        -1.2412931365829106e-08
      ],
      "enthalpy_mean": [
        0.0,
        2.434459098013021e-07,
        1.1533671662611204e-07,
        1.7817207344805728e-07,
        1.4292949932774082e-07,
        1.5811376149787404e-07,
        1.4742031087189733e-07,
        1.5005562383633454e-07
      ],
      "rest_flag": [
        1.0,
        -0.5138536188026706,
        0.2639903963730278,
        -0.13568062764875993,
        0.06967665671368711,
        -0.035840322062409294,
        0.01837551027304196,
        -0.009482159077096132
      ]
    }
  }
}