{
  "generated_at": "2025-10-14T10:17:06.845037Z",
  "state_dir": "data/state",
  "high_watermark": "p95",
  "percentiles": {
    "entropy": {
      "p90": 8.3177629408915,
      "p95": 8.317764816370438,
      "p99": 8.31776576338637
    },
    "enthalpy_mean": {
      "p90": 0.0023299233919754745,
      "p95": 0.0024329794569415255,
      "p99": 0.0025144450242421896
    },
    "dissipation": {
      "p90": 0.7382355104720109,
      "p95": 0.7709401494910916,
      "p99": 0.7967949450945464
    },
    "info_flux": {
      "p90": 0.0009099255059827789,
      "p95": 0.0009450719956253793,
      "p99": 0.0009727701086117437
    }
  },
  "latest": {
    "entropy": {
      "current": 8.317661425298617,
      "p90": 8.3177629408915,
      "p95": 8.317764816370438,
      "p99": 8.31776576338637
    },
    "enthalpy_mean": {
      "current": 0.0025347812456209618,
      "p90": 0.0023299233919754745,
      "p95": 0.0024329794569415255,
      "p99": 0.0025144450242421896
    },
    "dissipation": {
      "current": 0.8032491639150618,
      "p90": 0.7382355104720109,
      "p95": 0.7709401494910916,
      "p99": 0.7967949450945464
    },
    "info_flux": {
      "current": 0.0009796846763684352,
      "p90": 0.0009099255059827789,
      "p95": 0.0009450719956253793,
      "p99": 0.0009727701086117437
    }
  }
}